area,1965,1966,1967,1968,1969,1970,1971,1972,1973,1974,1975,1976,1977,1978,1979,1980,1981,1982,1983,1984,1985,1986,1987,1988,1989,1990,1991,1992,1993,1994,1995,1996,1997,1998,1999,2000,2001,2002,2003,2004,2005,2006,2007,2008,2009,2010,2011,2012
US,1287.2782047546,1360.5747075848,1407.65106377,1493.2423492239,1573.9272363859,1627.6715436052,1659.9913244214,1742.6040665274,1811.7730042478,1764.8378079808,1717.5017401888,1809.400240936,1854.3215138983,1852.9267751592,1878.6145931989,1812.6400200203,1760.4435609462,1683.6765820398,1672.5091148282,1761.9099235736,1756.4166257613,1762.5044732163,1823.3362034023,1907.5388279976,1961.8344716262,1968.3937534782,1966.1154563246,1997.677730272,2039.6805124218,2077.2846422519,2121.8998572491,2192.4927082697,2209.9375674957,2224.0516371564,2261.6999451055,2313.7091407705,2259.6933315058,2295.4666773488,2302.3247835488,2348.7874447809,2351.1787242037,2332.6992055931,2372.7044825664,2319.8277118554,2205.7595308377,2281.2036082884,2265.214823754,2208.8271977981
Canada,116.287,123.447,129.524,138.16,146.064,156.413,160.979,172.151,182.77,189.064,187.001,197.3909764674,207.0728880391,210.5881433679,212.9273399557,218.0138255822,211.9906757579,215.1087420112,213.2611917354,227.3421254419,234.4427932269,234.7092509348,242.6748310017,253.0520699634,256.228303272,251.4735079916,251.8109226,258.3701490329,264.3097408513,274.1036254226,280.321594761,290.564140441,292.1572344611,286.1977843642,293.9290343257,302.9523337323,296.5283493913,305.0647940748,312.1484963797,315.4809616811,324.1145688717,321.3983674066,327.4811120269,326.0735412949,311.7401791001,315.6121960827,328.6120342211,328.8409450673
Mexico,24.4478626158,25.7205968281,26.0035345371,28.3991721601,31.2627647846,33.2833077291,34.8698203879,38.3785922423,41.2872722642,45.9664356499,49.6194121625,52.9247952412,55.7929949616,63.4587168725,70.4004398401,76.47834214,84.3026665103,88.0941568116,86.8759437458,91.566405574,95.4011519906,92.5149527198,95.5819184278,96.5124084566,100.8272069193,106.3739681041,110.8121365007,112.6080094523,113.5788041611,121.0844946009,117.3298871977,122.5049004788,127.1532587166,134.1476305096,135.7516651202,141.2921339491,141.5288502675,140.5371345506,147.5884544677,153.3986880294,164.4916809458,168.7822621856,167.7593754335,170.8075747545,171.6662330306,173.9371333455,180.4998870876,187.7471260294
Total North America,1428.0130673705,1509.7423044129,1563.1785983071,1659.8015213841,1751.2540011705,1817.3678513343,1855.8401448093,1953.1336587697,2035.830276512,1999.8682436307,1954.1221523513,2059.7160126446,2117.187396899,2126.9736353996,2161.9423729947,2107.1321877424,2056.7369032144,1986.8794808627,1972.6462503094,2080.8184545895,2086.2605709789,2089.7286768709,2161.5929528318,2257.1033064176,2318.8899818175,2326.2412295739,2328.7385154253,2368.6558887572,2417.5690574342,2472.4727622754,2519.5513392077,2605.5617491895,2629.2480606735,2644.3970520303,2691.3806445514,2757.9536084519,2697.7505311647,2741.0686059742,2762.0617343962,2817.6670944914,2839.7849740212,2822.8798351853,2867.9449700268,2816.7088279047,2689.1659429684,2770.7529377166,2774.3267450627,2725.4152688948
Argentina,27.067,28.095,28.834,29.871,30.722,28.808,30.6918976784,31.3967443544,32.6598976784,34.1191239535,33.2330290537,35.0718976784,36.6028027787,37.1208027787,39.5210435806,39.4257224058,38.060007105,39.1856639815,40.748941259,40.9254961307,39.976247907,44.1332114314,46.0184377065,47.1943792823,45.2379267321,44.6652947959,45.069627506,48.3647478771,50.2283835744,51.4439374301,53.5706478973,57.4618064603,56.9689024769,59.0270808528,57.8692669955,60.2380464259,59.3607207325,56.7253984656,61.1250213574,64.420251365,68.8411391448,71.7501831859,74.722384646,76.4992925507,75.6692870702,77.2557820702,80.3887082943,82.1481283644
Brazil,22.0828967925,24.0845029625,24.968351175,28.6097243075,31.261106305,36.814887909,40.4938639171,46.3993005891,55.5416688489,60.7219809081,64.1629656819,70.5186430628,75.209109655,82.9114645628,89.8989115017,91.5268077933,89.5472197962,93.6950922988,95.6743716716,102.7816674217,109.3466832074,116.6243735433,119.7801397577,124.2271690762,126.6660708628,124.9600080851,129.1923093697,134.3345725092,140.0445441833,146.8731600039,154.1592129543,163.2421896409,172.5002724093,178.8460310854,182.321170029,185.7808685232,181.9970024923,186.0672643404,189.7349285913,199.8576446212,206.5217087166,212.428438114,225.858498768,236.0464114086,235.2072604483,257.5294594136,269.7143673582,274.6924568443
Chile,5.9668,6.432,6.5605,6.554,7.0762,7.4453,8.028934154,8.1438976784,7.8166400281,7.8065086528,7.0579400281,7.3077180794,7.6245020048,7.9331910305,8.3699698556,8.4867588813,8.5279902566,8.2705996832,8.4398652125,8.7954812871,8.8892236367,9.2413570168,9.6535205412,10.7890919446,12.1112342942,12.8253714555,13.3457443547,14.821555189,15.5362224789,16.8196971127,18.1163482502,19.5324642676,22.339462189,22.2684319417,23.1344661164,24.1525314015,24.8513650026,25.1554801526,25.6561735615,27.3059750329,28.2753157346,30.3439121027,30.7488603675,30.4028420761,30.6358957445,29.8701577074,33.3061688937,35.5442338285
Colombia,7.5769438205,8.2458172482,8.7721142666,9.1957519046,9.3445729563,10.1356691283,10.1214508492,11.2389051126,11.3240100205,12.4844687102,12.2215860524,13.0663843056,13.4304769426,14.4279704032,15.488767344,15.7207625037,16.1150094742,16.9381178207,17.876991323,18.3326051239,18.9226122288,19.5693638684,20.8394587271,21.5917221061,22.1588589748,22.8696287939,23.3380798094,22.9365864568,25.1338306432,26.2134650446,26.8989967126,27.850370623,28.414550073,28.0145513389,25.8488032473,26.1015880597,25.6412695921,25.5344916913,26.2028858856,26.7567944988,28.211057956,28.8103211827,29.4669688669,30.4055826591,31.8842433078,33.3399341525,35.9129860993,36.4966361445
Ecuador,0.739,0.78,0.845,0.994,1.061,1.267,1.392,1.558,1.544,1.788,1.782,1.966,2.419,2.493,2.589,3.266,3.634,3.999,3.965,4.454,5.027,5.249,5.454,5.344,5.474,5.539,6.174,6.011,6.427,7.018,6.576,7.416,8.273,8.397,7.9091933294,8.322160429,8.1821956827,8.603857654,8.8598337529,9.1512649256,9.7247399012,10.3404536412,10.9222826323,11.6428007421,11.527412114,12.7954976752,13.5728353623,14.3813581233
Peru,4.5363244338,5.5206365018,5.6188699344,5.740638975,5.7732705304,6.0309634088,6.2083422737,5.5383197267,6.2709935838,7.219144454,7.6291525748,7.8243976457,7.8737219733,7.8906238202,8.2138493963,8.8052062472,9.2781386262,9.2961142237,8.1177497901,8.5830673344,8.4081903275,8.9487912336,9.7727110216,9.5417110216,8.7457163516,8.6456476209,8.504884248,8.3688887383,9.1955836227,9.9629236482,10.8093937657,11.1236882972,10.8659549485,11.2413051019,11.5533467468,11.8776892698,11.7697857236,12.1126258469,11.9698397404,12.8282521496,13.3902670389,13.5715234145,14.8649675841,16.1935089145,16.6131031395,18.8822077219,20.5839288606,22.2799950102
Trinidad & Tobago,3.0458269024,3.2415843074,3.4637400118,3.5736155079,3.6935644377,3.9621686464,3.8712412092,5.3960460243,5.3481036792,5.1587738155,4.1479051002,4.6718211522,4.8535388062,4.8655679957,4.4065619767,4.1588831516,4.2622992261,5.0270729511,5.144620401,5.0629415758,5.148846676,5.4748831516,5.0810145269,5.4881094266,5.3858831516,6.0159073439,6.3167164226,6.6659073439,7.0464309754,7.4891455282,8.1223837125,9.2108109484,8.9430491327,9.3540491327,10.3640491327,10.1503988177,11.3463358332,12.0549427654,13.1641367415,14.522543493,15.9111220642,20.4680451909,21.3980882724,21.0078659363,21.6706348775,22.7656960104,22.4015792774,21.168067557
Venezuela,15.772,16.185,16.906,17.919,18.222,18.288,18.58,20.068,22.544,23.494,24.558,26.573,31.864,32.144,34.23,37.242,37.984,38.855,38.606,39.19,40.414,43.581,43.199,45.135,45.37,48.218,48.562,52.667,51.997,56.337,58.186,56.313,60.615,64.457,64.3205171933,65.1860681977,69.1809905154,69.4237368201,61.3920915976,68.6403255908,71.0100728614,77.1232376598,75.9705260696,82.9536067958,82.3122109224,83.2329480094,84.6784731296,86.8302276289
Other S. & Cent. America,22.6862364394,24.3628591758,25.6462832182,25.9498321803,27.6828996505,29.0988205385,30.6206613032,32.3518269396,34.5980492017,34.2772262461,34.76039716,35.6370308038,37.0475041552,39.0687935448,40.3483162407,44.2378799747,44.0213932005,41.9043364367,40.9851780278,42.1127795953,39.5596984075,38.6370047793,42.0298800699,42.2941374893,46.1201194041,53.9227826646,54.0413756408,53.6714343512,56.1270500389,59.7825520438,62.6807963127,65.9531891106,69.6233567147,72.5251520958,73.8434060731,75.8483215355,77.5098075822,79.1784540325,82.8237308538,83.3083654225,82.9367092785,84.6016279275,86.9473868027,85.1008513305,84.6810967803,87.3478003968,88.953941565,91.768880091
Total S. & Cent. America,109.4730283886,116.9474001956,121.6148586061,128.4075628753,134.8366138799,141.850809631,150.0083913848,162.0910404251,177.6473630407,187.0692267401,189.5529756511,202.6368927278,216.9246563157,228.8554141358,243.0664198957,252.8700209575,251.4300576848,257.1709973957,259.5587176849,270.2380384689,275.6925023908,291.4589850243,301.828162351,311.6053203467,317.2698097713,327.6616407599,334.5447373512,347.8416924655,361.7360455168,381.9398808115,399.1197796054,418.1035193481,438.543547944,454.1306015491,457.1642188634,467.6576726601,469.8394731566,474.8562517688,480.928642082,506.7914170993,524.8221326961,549.4377424192,570.8999640094,590.2527624136,590.2011444045,623.0194831573,649.5129888403,665.309983592
Austria,15.8039790017,16.1913802326,16.2276284564,17.4520300041,18.0195484002,20.5430071826,20.4820640481,21.7103815138,23.3834493829,23.1163309524,23.2765770335,23.929877613,24.2553337548,25.2213982278,26.6685769403,26.6260326669,25.4602235704,24.7084825861,24.5127994434,24.3844985045,25.5227202618,25.7798741148,27.2814946445,26.7153688019,26.9371246583,27.5130653315,28.7151182437,28.351323503,28.8548747764,28.6340120247,30.0020241759,30.3493872437,30.8645888349,31.4532098878,32.1428159013,31.8579066539,33.2788935768,33.316159383,34.010672971,34.6531151706,35.2395674209,35.0381035169,34.2114500938,34.8327374546,34.1455781217,35.180384837,31.9896943004,33.1017484948
Azerbaijan,n/a,n/a,n/a,n/a,n/a,n/a,n/a,n/a,n/a,n/a,n/a,n/a,n/a,n/a,n/a,n/a,n/a,n/a,n/a,n/a,20.5163001812,22.1182183256,21.45009753,21.4635844969,21.9111795139,22.5793994656,21.8988527728,18.7005812588,16.1205863103,14.7696892441,13.9406097419,11.4177974036,10.9228759704,10.9499834369,10.9553962956,11.4012372921,11.0693568272,10.9188327184,11.8015169308,12.6029471676,13.800986664,13.5620575441,12.2692682372,12.3439192904,10.8762463938,10.6908001834,11.9225147391,12.2487029675
Belarus,n/a,n/a,n/a,n/a,n/a,n/a,n/a,n/a,n/a,n/a,n/a,n/a,n/a,n/a,n/a,n/a,n/a,n/a,n/a,n/a,34.5300527573,39.4306192512,40.2546519266,40.8369093022,39.577328295,38.1067353806,37.7536039023,35.9046956078,28.7282772061,23.9509572562,21.5020040695,21.7043844295,22.4093024323,22.1946529312,21.0950420018,21.2993811982,21.5352773074,21.732357745,21.3426991811,23.3873308668,23.775627152,25.2552769143,24.384766148,25.6912077508,24.0262436902,25.1603329053,25.5591462672,25.9157715523
Belgium,19.2938902906,33.9268302428,35.6130924149,39.698867569,43.5447032899,45.9602356968,45.0651748884,47.922770722,48.5795151298,46.9033278785,43.892938008,46.5171814828,46.5728559768,48.5949525252,50.0544854434,47.9307784452,45.5682702136,43.5840403872,42.0586084338,43.9129711548,45.74540155,47.1515315149,48.5686712382,49.5195769497,49.9348207996,52.5759490047,54.4127185329,54.9969079608,53.5561123682,55.6184348292,56.2924783693,60.2832719207,61.0379031519,62.1869043095,61.4323735182,62.7822003416,61.8836000791,62.2925507726,65.1810604274,64.9713483469,64.5590500187,64.6952868382,64.9968013257,67.1778146188,62.7183947523,66.4133203364,63.6630734376,60.593651944
Bulgaria,10.206,10.946,12.737,14.271,15.882,17.852,18.545,19.083,19.822,20.414,22.544,23.826,25.091,26.012,26.998,28.46,28.011,28.692,28.844,28.672,28.53,29.12,29.339,29.95,30.267,24.616,19.975,18.466,19.984,19.442,21.328,21.322,20.3288179391,19.4348618364,17.393744988,18.1094896592,18.784796624,18.2335997194,19.3324531837,19.0251026384,19.578435308,20.0363500928,19.3949355569,19.4548488935,17.0418762275,17.7721560845,19.0872416165,17.9078343917
Czech Republic,40.119,40.439,39.794,41.484,43.335,45.232,47.467,47.762,48.034,48.518,50.451,51.945,53.84,54.627,55.252,53.899,53.317,52.647,52.279,53.939,53.502,54.12,55.265,55.522,53.741,49.976,45.867,40.509,39.1420067883,39.3659189935,41.3646413993,43.0830723175,41.8317798796,39.9878234602,38.629545866,40.123984206,41.6153053808,41.5812324297,43.6647798796,45.334194325,45.3379603838,46.0891095895,45.546084672,44.5040914757,41.7544351584,43.4507651623,42.8109056049,41.9450131522
Denmark,12.307,13.931,14.449,16.157,18.681,20.425,19.762,20.706,19.754,18.164,18.165,19.281,19.929,19.534685682,20.069371364,19.494399887,18.219399887,16.6572283723,15.837661071,16.7550552911,18.3998939204,18.8452472478,18.1115266225,18.1247731513,16.5884260471,17.0590083374,19.7789657869,18.2575420487,19.5864354025,21.0739470383,20.6791422139,24.6491648331,22.3978342377,21.4425325331,20.8357361587,20.0631686616,19.9431592426,19.9188048997,21.4067412613,20.4524322771,19.8303445918,21.8962814074,20.8593231072,20.0486170643,18.7879106027,19.5643061074,18.3092798981,16.961532047
Finland,9.876,11.174,11.718,12.776,14.15,15.37,15.761,15.889,17.582,16.76,17.134,18.273,19.17,19.842,21.337,21.248,21.135,20.543,20.946,21.282,22.158,22.343,23.773,23.5,23.374,24.2949200177,24.9229438933,24.6754422944,25.0356024595,26.4655198233,25.5832316665,26.9353706756,26.8062562675,27.4021780825,27.4008407576,27.740602887,28.1899009575,28.2129397574,30.3582553546,30.4404526657,28.0864469581,29.3939275898,29.3921615665,28.6895688558,26.7472713434,28.9078518697,26.9062182742,26.4391957705
France,114.7780219487,116.5327217722,125.0377285604,131.3359103046,144.6159099878,155.7886583247,161.2229931212,171.5951940309,186.8982203919,184.9413601394,171.8883064896,183.3435661855,186.4540195954,193.018071073,194.5517892927,191.1180253654,189.1146023216,185.0689291307,185.6139172738,193.0481195185,195.7575378106,202.0009560121,206.069661583,206.9009322985,212.1564935964,219.2083943354,231.6631339557,234.1552951088,233.4844493099,230.3201461511,236.3393514742,244.7776425722,240.9751116228,246.9827617014,251.6608879503,254.5828876788,258.2238505752,255.7984097646,259.8613578625,264.3258438968,263.0484964669,261.3078065346,257.93862704,258.9475041659,245.0075822493,253.0821000435,244.7002071651,245.437235735
Germany,256.1124186089,256.3265064036,255.3020028511,272.4858201566,293.7240180115,309.5736117032,311.0860812386,320.7996819795,339.6653387426,331.396597864,319.8695480339,340.1883012699,341.1674752503,352.1890253831,371.3383566077,355.8647856677,343.8514479004,333.59324207,333.9995803401,347.8051337304,358.8563359592,359.8376401674,360.9577189424,362.2328873612,354.5247994508,349.5618559986,340.0780489659,335.7062746074,333.5375348237,331.2507424537,333.2829346065,344.2460126261,338.5562431552,335.7318723809,329.9848944653,333.0079722587,338.7459171381,334.0346023895,336.8430419967,337.1279521655,333.104953684,339.6205110598,324.5452909294,326.8039639971,307.7480791661,322.4214327988,307.4613901736,311.7449487764
Greece,6.73,7.37,8.11,8.425,8.898,9.896,11.797,13.237,15.238,14.825,16.903,18.673,19.36,19.666,17.238,17.215,16.598,16.675,16.825,17.626,18.729,18.775,20.5622262751,21.7752262751,23.5312262751,24.3284525501,24.3754525501,25.1110364755,25.2318612029,25.9415984523,26.7329196271,27.0781459022,27.2613721772,28.7073795194,30.2249172348,31.966453972,32.1066105951,33.0012900816,32.7128805575,34.2268300615,33.8823255994,34.8673557585,34.8697276096,34.539252354,33.1471368018,31.0891209338,30.3911369405,28.7509363844
Hungary,15.652,15.921,15.139,15.704,16.789,17.929,18.561,19.043,20.561,21.108,22.386,23.925,25.053,26.737,26.438,26.385,26.114,26.206,25.727,26.33,28.04,27.852,29.109,28.253,27.645,26.584,25.508,23.724,23.734,24.462,24.6618102005,25.2898102005,24.7802627506,24.8085839254,24.4910364755,23.7022627506,24.2433941259,23.6129415758,24.2006420329,24.2807501923,25.9550733131,25.8186736661,25.5039839345,25.1994321733,23.0024566843,23.7129767753,22.964236453,21.9066161262
Republic of Ireland,4.8681578947,5.4141052632,5.8305789474,6.6416842105,6.7165789474,5.1765789474,5.3622631579,5.7892631579,6.3887368421,6.3469473684,5.8254210526,5.9342105263,6.3584210526,6.7498947368,7.6228421053,7.3914736842,7.2447368421,7.1285789474,6.9843157895,6.9892631579,7.1374736842,7.9958947368,7.9582631579,7.8833684211,8.2398947368,8.5288947368,8.9854210526,9.0362105263,9.3323090012,9.7561669457,9.9921511065,10.7548921121,11.3282627959,12.3055904874,13.1917834548,13.7430840386,14.6694591574,14.5326394533,14.1916655202,14.6192728877,15.0971118704,15.4868494818,15.9318966376,15.7432691316,14.4258697832,14.4320366113,13.3319760023,12.9571617367
Italy,80.015885188,87.1202564149,94.0855043219,101.3414168439,109.6296208535,121.0999339729,127.240693171,131.4231111463,137.0165349595,136.2195850115,132.1300746708,141.6717324976,141.2059074535,144.1924335883,148.4639890935,144.5780836765,142.705552971,139.0571001041,136.9617430873,138.1623347513,138.3051539576,142.2621162149,146.8876769245,149.7633331674,153.5247566643,154.7199668143,157.9100332406,158.2231567854,155.4743375606,155.4037543994,161.8544849302,162.3071272912,163.9194089695,168.4342711228,173.761722089,175.7074587048,176.8500994705,175.421054306,180.9952541974,184.6252955152,185.1253298185,184.6178499344,181.800437389,180.368321581,168.1003761823,173.231149225,169.5737288766,162.4892780739
Kazakhstan,n/a,n/a,n/a,n/a,n/a,n/a,n/a,n/a,n/a,n/a,n/a,n/a,n/a,n/a,n/a,n/a,n/a,n/a,n/a,n/a,67.5466622318,69.139588494,70.7062006237,73.2784985847,72.1007312346,74.3162348477,73.163433923,73.7264359664,65.3104874105,57.9566045642,50.819634421,41.9954796511,39.41661518,36.7647280916,33.7891099144,38.1023977044,39.3124489876,40.8911902414,44.6396307767,44.6137963323,47.2201257565,50.7046689975,52.3783086343,53.3316823133,50.0508740422,50.0453692537,55.6911982993,58.1350136558
Lithuania,n/a,n/a,n/a,n/a,n/a,n/a,n/a,n/a,n/a,n/a,n/a,n/a,n/a,n/a,n/a,n/a,n/a,n/a,n/a,n/a,15.2787122029,14.0512806549,14.7631564757,15.4507629796,16.7244634397,17.0881104131,17.6534266398,10.8731005409,8.2113488628,7.1965256496,8.0821106245,8.8832507644,8.5417511427,9.1033567,7.6926778748,6.8827751278,8.0091050821,8.5118254514,8.9491459474,9.0489616427,8.3312137439,8.0133749499,8.6260779444,8.5502201369,7.8400798468,5.8986115296,6.1109840617,5.9784805024
Netherlands,36.0836222413,38.4218999713,40.6113813414,45.0778135569,50.4130758097,56.5621294067,59.5219848094,69.0116765549,73.2958356263,69.497174262,70.0717870073,76.444665392,75.0429736842,75.8309036882,78.8747908938,74.0610407275,70.1403557359,65.2979511027,65.2380280341,68.0553320905,70.5263433596,73.5419210778,74.9788507172,75.1902425004,75.3815253714,77.8613097561,79.704708958,79.9149969707,81.3196578121,81.0843917912,84.3392021851,87.1929424978,86.6633532902,86.9259927764,85.2554534056,87.836194762,90.9959938232,91.1768449891,92.0321068067,95.0162404857,96.7010995307,96.1131488061,95.6467533354,93.5929431692,92.2671913706,96.4827464691,91.8602259394,89.063731549
Norway,17.038,17.481,18.76,21.009,21.115,22.151,23.371,24.78,26.185,26.208,26.601,28.514,26.335,29.599,31.573,30.106,31.643,31.354,34.271,34.794,34.5311436585,33.8406710294,35.3655273709,36.402147398,38.7578619508,39.5931213942,36.5326608729,38.4996368999,39.709895291,38.7126205135,40.7954084777,37.6033261946,39.7234610168,41.0958695195,42.0616584329,46.2676587828,41.949225997,43.6192506091,39.1544982379,39.8528311912,45.998522253,42.3982179554,46.1120698949,47.085748556,43.8991138506,42.1019813243,43.2203302241,48.1299135954
Poland,66.5818427841,67.8768625153,69.8402000724,75.1413686926,80.2835354573,84.6978172603,87.4497768928,92.2394250351,93.9398144997,97.0331767208,104.6914343124,110.3089354211,114.9905526542,120.7301538218,122.5692845635,128.3771152193,115.7264935964,117.9300588315,118.570860162,123.3325457754,126.134765217,129.7261014617,133.9381357198,131.3785288048,126.3591117346,105.7784199183,101.6977176531,95.2414222143,97.065734821,96.2299936817,96.5483688528,101.0126435965,98.6730848707,95.1381921424,93.0517091872,88.531624686,88.9476602245,87.6839200512,90.0918260771,91.38301169,91.1732981805,94.7193343059,95.7021778405,96.1910105661,92.1144656655,99.508257427,99.7978491936,97.6363291404
Portugal,4.3098389374,4.780255012,5.1174448115,5.2385907137,5.8813570168,6.4520871612,7.3163573336,7.9755690818,8.690255012,8.8167295108,8.7064009142,8.7400432638,9.869948364,10.2414958139,11.0633789655,11.0954080192,11.3283715436,12.0888750962,11.7776413993,12.3844005974,12.0979987329,12.9941226863,13.0149328868,13.8287576142,15.2660226504,16.1650257492,16.7311787564,17.1805745087,17.4831673882,18.0884992378,19.3355374339,19.7140975959,20.8024383053,23.0022309965,23.613764118,25.2485649619,25.430066524,25.4878910275,25.7703468155,25.3943870098,25.6013082932,25.5491839219,25.3632291513,23.8066352994,24.2150810617,25.3843503698,24.059920117,22.6621841207
Romania,25.157,26.85,29.921,31.791,36.579,38.841,41.212,43.489,47.171,47.89,52.231,56.217,60.195,64.998,65.564,66.67,66.708,66.642,67.426,66.768,66.569,68.277,70.754,71.729,72.648,60.5574667449,50.691,48.4775765036,47.2794347149,45.37,48.5887145528,48.164,45.207620027,41.301620027,36.942,37.004,37.283,38.597,37.7937145528,38.9677308349,39.7637549847,40.5663739505,37.5458909194,38.5036906272,33.9673474318,34.2563675314,35.3603234014,33.6017590394
Russian Federation,n/a,n/a,n/a,n/a,n/a,n/a,n/a,n/a,n/a,n/a,n/a,n/a,n/a,n/a,n/a,n/a,n/a,n/a,n/a,n/a,816.939829529,830.831233455,860.0423044913,874.3606647526,878.062240502,863.7589471506,852.5292030879,821.6483770338,767.2593096721,704.0577960288,664.0136979684,637.3789267711,602.2927112603,602.3108261706,608.2769290914,619.4235197718,629.4830142304,628.2031765575,642.1663650638,649.1879307155,647.9416901501,675.6384694452,680.0849042605,683.4747188233,647.803013834,674.0359224416,696.4594787012,694.202621832
Slovakia,8.895,9.22,9.291,9.925,10.504,11.536,12.248,12.739,13.218,13.886,14.669,15.52,16.452,16.924,17.784,18.399,18.353,17.986,18.191,19.429,20.337,20.608,20.477,20.465,21,20.444,18.595,18.094,17.0724763685,16.636,17.263,17.521,17.1207145528,17.6008582113,17.5423837125,18.1326218968,18.6091094838,18.7236331152,18.128367373,17.6005267345,18.7535963006,17.8617883835,17.2033310434,17.6843597059,16.0334893756,17.0258518188,16.5085254326,16.9258863876
Spain,28.339,32.1984744988,34.5017956736,36.6319489976,41.2080877947,44.4833214916,49.1281042223,52.5480167444,57.9781910667,60.1492717563,61.9129057338,65.8717039417,67.6838485767,69.0285641942,73.3213230755,75.2534838213,74.8422646513,75.3346655655,76.5233459746,77.3213827669,77.6991778069,78.526110377,81.0839932117,84.0469496312,88.9501599326,88.587354115,90.3432878607,94.4665501126,93.0920577824,96.0916677738,101.7963225188,105.5763557839,112.6968047127,119.563333561,123.2643810961,130.8300732062,135.2507301677,137.4986618546,145.3411559488,151.1959675974,153.6546076843,155.0885921166,159.6480934516,155.5162025162,145.0523182986,146.6002646102,145.6024634683,144.8083871937
Sweden,30.637,33.039,33.337,35.939,37.389,40.2014157578,40.7952040096,42.1181381636,44.6852837489,41.6817801964,43.6991452686,47.0541013712,46.2504590216,46.7198766357,47.9672927267,46.0466301609,46.2978605662,43.7567697449,44.8826179381,47.8251852142,52.0079227241,53.0171002466,53.3167720659,52.4981765255,51.4087148973,52.6108168334,51.6409131873,52.0105447008,51.2708694412,51.3192342379,51.6322860857,50.2594422584,52.0464225389,53.2995552333,53.0056437048,50.4905084853,54.0816905462,50.7398865909,48.342871521,52.1310037627,53.7967558607,50.7214922885,51.7899370548,51.4590780129,47.1541975413,50.7014249139,50.4549296327,52.9493810705
Switzerland,14.6566139295,15.7177746753,16.7423586007,17.5945848758,18.2881688012,20.1180380595,20.8008708422,20.237557406,22.4398860026,21.1908492103,22.0901552247,21.2530751686,23.5187100964,23.1885348237,22.6537756257,24.6325787211,24.5175851926,24.0026804091,25.0384538173,24.2697314115,26.1724977146,27.5161545911,27.313855365,27.5140887451,25.7933514957,26.8890968005,27.6115716161,28.0430606417,27.9484609223,29.3319864235,27.8567817803,26.9476148798,28.8024538173,28.9891400643,29.9649790017,29.2455790831,31.331361316,29.2913143866,29.0762488573,28.7666551116,27.7068056374,28.9205740746,28.6453047019,29.6836919416,29.6857240778,29.0114848563,27.4560925379,29.0420365707
Turkey,9.214627506,9.1976055573,9.8001455854,11.0775032357,12.0832769607,13.07156166,14.3146565597,15.8605981355,18.1625761868,18.8298389374,20.5467805132,23.3364302847,24.8173279631,23.8099996832,23.6378098837,24.2227734082,25.2358902566,27.418,27.399,29.9320006788,31.2453576504,34.2458655926,39.251901326,43.0338772141,42.6048648188,46.2498246323,47.9858851247,50.3783062995,54.743120858,53.2543157578,59.077460601,64.597027868,68.4421604426,70.1209875232,68.3670627959,73.3608671222,68.0867144454,73.1070335521,78.0685512694,82.9205724936,85.9604611712,96.168799018,103.0700013532,102.6531727836,102.8404068426,110.3846630764,118.1068244804,119.1669400654
Turkmenistan,n/a,n/a,n/a,n/a,n/a,n/a,n/a,n/a,n/a,n/a,n/a,n/a,n/a,n/a,n/a,n/a,n/a,n/a,n/a,n/a,12.8620423879,16.1010873825,16.1731169562,16.3307792747,16.5777431708,13.6928277808,14.0243636963,14.2371763051,11.2314048658,11.9736290083,9.8552963423,12.0578747115,12.0553661443,12.3805775542,13.5537546808,14.6536645071,15.0336816678,15.4446473745,17.1980486255,17.7764714635,18.847423274,20.658622374,23.759957222,23.56637351,22.5769074453,24.8454006639,27.1370834518,25.7687872545
Ukraine,n/a,n/a,n/a,n/a,n/a,n/a,n/a,n/a,n/a,n/a,n/a,n/a,n/a,n/a,n/a,n/a,n/a,n/a,n/a,n/a,233.7219715413,235.3047371451,240.4564092029,241.1422546172,231.4716723744,269.8583533828,245.9704770662,215.7428325172,181.9502487124,155.6272248368,145.8913534724,139.5373443494,137.0244465527,131.9266228946,134.6658073477,135.0796375736,135.0939916245,132.9951571712,136.6141165137,137.5192230002,136.0884376783,137.4915993836,135.4033724686,131.9449747187,112.2459546793,120.8911112137,125.5588607118,125.2590818006
United Kingdom,196.8275805765,197.524383672,197.2103536679,204.3461957732,211.7957515952,216.677383672,212.7672257773,215.7612257773,226.3464436801,214.9811657691,202.8364436801,206.803383672,210.5536915871,211.3971657691,221.064661583,201.4466915871,195.78490949,193.106383672,193.662383672,193.4826122327,201.6529201478,207.1401080466,206.8584136761,209.3405822286,209.3669159614,211.1867006381,215.6830747613,214.2674248088,216.5888407929,213.738286781,214.4697845409,224.9365094809,220.7056613115,222.8074982486,221.5911836041,223.9646418943,226.6255824383,221.7369695568,225.4486973768,227.3160519962,228.2024131744,225.4750992285,218.2985287865,219.8091051279,207.7480757709,213.7504598898,200.5163977781,203.5676039159
Uzbekistan,n/a,n/a,n/a,n/a,n/a,n/a,n/a,n/a,n/a,n/a,n/a,n/a,n/a,n/a,n/a,n/a,n/a,n/a,n/a,n/a,45.0142107598,44.8269585158,46.0024199043,47.5361453936,48.8621111965,47.90888977,48.458125139,45.5271079882,48.2838590542,47.3762990429,46.4367047302,47.0026488498,49.2469815142,50.5353656225,52.2081897115,50.4708570471,53.5720481019,55.014928063,51.8263484718,49.5835415336,46.0778263004,45.9274072867,48.7122781318,52.2915526617,46.6804342095,47.9960673519,51.5823979893,50.5116334684
Other Europe & Eurasia,638.4669345949,679.335146778,710.9003952689,734.800242515,756.3330731496,794.2996279273,835.5207013686,884.4945668872,924.9195713177,974.0195512972,1022.003354991,1069.9894877215,1116.7138372934,1168.4593410527,1199.7319176195,1184.3269172698,1200.0605373965,1231.7916731338,1255.1910231158,1300.5147413377,115.0352117029,115.7968224313,117.7922955909,123.4196458397,119.950775171,121.473603764,107.5394323991,93.9372894068,82.8671424692,73.8465261578,74.4389503041,78.5577438668,81.1771560681,81.1187601486,75.0601907054,75.584601893,78.029312584,80.679144951,84.3480117781,89.3999536613,89.433836252,87.2483170742,89.5340680776,91.0671319709,88.1208143332,93.9350299842,92.4191990716,92.6958200572
Total Europe & Eurasia,1661.9694135023,1746.9352030092,1810.0766105738,1906.3449774491,2015.8587060755,2133.937408224,2206.7981514406,2316.2151763358,2439.9546525896,2462.8966868746,2494.5252729336,2627.5606958116,2700.8803623241,2797.3114966988,2881.8376457837,2824.8482183273,2797.9775021351,2801.2696591534,2828.760979552,2917.0153082137,3021.1026374497,3083.1169607734,3157.877274429,3199.3870623289,3193.2393159391,3193.6727456641,3138.3997536386,3038.0838795959,2920.4899044492,2804.3464890982,2784.796398473,2803.1363086482,2764.0592229326,2776.0081211003,2773.1076155415,2817.1978788087,2858.264358302,2852.0098905392,2910.8930733699,2957.7477254338,2967.6748854754,3016.9505034888,3009.1690385194,3014.5568412477,2837.824946834,2947.9640985996,2936.5738342415,2928.5052183721
Iran,17.191,18.606,20.153,21.844,23.687,26.2771573034,28.6021910112,30.8259775279,35.0332247191,39.4955168541,42.4880000002,43.6107078652,44.5927078652,46.7786741574,51.0128988764,40.7503146067,35.977258427,39.9171348315,49.5902584269,54.9800449437,60.0537640451,59.446011236,62.3225280899,60.2494943822,68.9673820226,72.9013820224,75.6494494381,80.0348089874,80.9506067417,87.7176292134,95.1684918675,100.3624350043,106.9561310608,109.6953486417,116.5288508455,123.9016636675,131.0345627201,144.2684620553,152.1814881772,158.617062158,179.4904697772,189.7694509383,195.6991524857,202.1494601192,214.2737343264,221.4652053606,226.996505467,234.1573934981
Israel,4.1872177081,4.387733266,4.5844880056,4.8089549349,5.0165483432,5.2171309892,5.4303834991,5.6470837557,5.94565118,6.0524568899,6.2543343718,6.6333465289,6.9780152218,7.4571742113,8.178443786,7.9357329912,8.084287482,8.3923052696,8.4561030848,8.6219896323,8.410007868,8.8270113962,9.7438861036,10.432547547,10.8149054018,11.1012925869,11.5340018049,12.5986382082,13.1928829275,14.5295985369,16.1612622179,17.0556258383,17.1986045112,18.3373096755,19.006049499,19.7566285126,19.7415701057,20.0610906951,20.6588429365,21.0243692068,21.6015728032,21.7887522106,22.9302274478,23.8077853417,23.1496058236,23.4180475917,23.9545729735,24.7939304196
Kuwait,6.334,6.266,6.21,6.166,6.134,6.242,6.209,6.925,6.928,6.684,6.018,7.172,7.365,8.111,9.935,8.008,10.044,9.88,10.93,11.695,11.802,13.499,12.504,14.155,15.191,9.177,4.124,7.916,9.972,12.231,15.434,15.278,15.8494332344,19.0526952522,19.5206332344,20.4448706528,21.6183814101,21.6796664688,25.5261694529,28.4961874584,30.5091591543,28.9468155291,28.7519021938,30.4286655647,31.4784831555,34.7544418185,35.6756404294,36.417274888
Qatar,0.12,0.121,0.172,0.554,0.872,0.998,0.994,1.099,1.56,1.356,2.213,1.64,1.859,1.729,4.358,5.382,4.509,5.477,5.424,6.635,6.775,7.354,7.503,7.117,6.985,7.385,8.341,12.893,13.709,13.814,13.895,14.181,15.046,15.304,14.525,10.7165705638,12.258867799,13.0103445462,14.0856065742,16.9106055561,20.7878897948,22.156432606,22.6234337675,23.4459027115,24.0627430931,24.8562930879,27.5386091177,31.5569260183
Saudi Arabia,20.146,20.429,20.737,21.074,21.448,21.884,21.817,23.396,24.957,26.488,20.798,24.133,28.748,32.038,38.997,38.678,46.065,50.556,54.13,62.314,63.671,68.581,72.34,74.5291011236,74.7591460674,84.3139438202,89.5803483146,89.7562696629,92.5631460675,101.0916741574,98.3234207512,103.4334269662,106.2876958913,112.540412122,112.9804217947,117.8717876189,122.9935674159,127.6248415732,135.7558943819,147.3657923404,152.3654069637,158.5569759255,165.0414163116,179.1508236499,186.4013643418,202.4274134309,207.46787975,222.1900756146
United Arab Emirates,0.0110974026,0.0117714286,0.4274142857,0.580374026,0.5915155844,0.8784415584,1.333,1.421,1.837,2.008,2.123,2.677,4.435,5.129,6.002,9.51,11.142,12.037,11.545,14.466,17.981,21.792,24.33,26.782,30.249,30.611,37.38,36.068,37.536,41.296,43.158,44.6,46.614,47.758,48.179,47.928,53.465,52.752,56.216,60.094,62.331,65.307,72.450678,82.897722,81.2675066067,84.7538582133,88.0944834333,89.2631375172
Other Middle East,9.5089071847,10.1203791739,10.5464472128,11.1254824922,11.9876588892,12.67361605,14.2767218882,15.4415082688,16.3331973733,16.8473490616,17.8937121812,20.0605434463,20.9032517091,23.1474351704,27.3060622643,27.4588773819,30.2281020076,32.267966788,32.4985666248,35.784892515,38.5844712292,40.8369026588,41.2769026588,45.5509465561,47.6232344662,50.6335046386,49.5228085148,54.3968524122,58.2264133053,60.9590722027,64.4661366544,65.5417556186,69.3487659345,71.6021494277,75.9678903043,79.566869758,83.5124711842,84.8605705412,80.9281207773,85.9101718526,91.5705182684,90.1840976885,91.556280656,103.2306142891,107.6826100114,116.3495395634,117.668315232,123.4806667822
Total Middle East,57.4982222955,59.9418838685,62.8303495041,66.1528114531,69.7367228168,74.170345901,78.6622963985,84.7555695524,92.5940732723,98.9313228056,97.7880465532,105.9265978405,114.880974796,124.3902835391,145.7894049267,137.7229249798,146.0496479167,158.5274068891,172.5739281364,194.4969270911,207.2772431424,220.3359252909,230.0203168523,238.8160896089,254.589667958,266.1231230681,276.1316080725,293.6635692707,306.1500490419,331.6389741104,346.6063114909,360.4522434275,377.3006306322,394.2899151192,406.7078456781,420.1863907737,444.6244206351,464.2569758799,485.3521223,518.4181885723,558.6560167616,576.709524898,599.0530908625,645.110973676,668.3160473584,708.0247990664,727.396006403,761.8594047379
Algeria,2.143,2.565,2.422,2.599,2.895,3.157,3.418,3.847,4.603,5.101,6.14,7.161,7.879,10.001,13.181,15.817,19.441,22.303,24.319,23.134,23.249,24.804,25.374,27.365,26.6,28.056,27.864,28.364,26.455,26.897,27.959,27.996,26.48,27.536,27.865,26.82,27.749,28.564,30.04,31.068,32.6163465408,33.514137453,35.3921598632,37.482263842,39.6470860705,38.5567455854,40.7174900801,44.6284168122
Egypt,7.7751,8.1864,6.9774,7.5104,6.1209,7.6495,7.8335,8.7059,8.2453,9.347,10.372,12.436,13.446,14.311,15.708,17.958,20.451,22.827,24.793,27.054,28.02,28.92,30.19,31.211,33.034,34.151,34.609,34.714,35.199,36.048,38.257,40.226,41.856,43.767,46.9162568953,49.6577128867,52.527711273,53.4820834502,56.8765896728,59.5548273974,62.4586447029,65.7655015613,69.9061888944,74.0637960357,76.935413133,81.1981784858,82.7014261868,87.0927170556
South Africa,30.263,30.438,31.671,33.42,34.396,35.934,38.6588118256,39.8839775572,42.7243504532,44.1356046612,47.0175481226,49.0697760035,50.2962524817,49.7799982736,51.4431074666,55.1479063112,64.2058061479,69.0855922464,70.0106357565,76.488481825,78.1261425008,79.5685208475,80.8101154579,88.9411972742,84.9251268679,86.387078747,85.7090731246,82.5174979829,84.7571008591,90.1600850366,95.0178122269,100.0267765313,103.2832391151,103.1357407168,101.825673465,101.2649481661,100.2959127024,103.6956720936,109.4319770198,115.4907632756,114.9771842145,116.8117411513,122.909641079,128.4925769028,124.0258614255,123.0798304945,122.1953130024,123.801757503
Other Africa,19.0203495334,20.761943357,22.042501441,23.4954406171,25.2771948179,27.1113595112,29.9227262258,32.8669939492,35.8574225801,37.4775629241,38.4542809954,42.8099285394,45.5313366336,47.2379973874,52.3221905296,55.9238284003,57.1341973397,58.7065862253,58.1817622117,56.8061161264,60.2235082949,61.7351627077,62.917006368,67.5374802278,71.3194460525,73.5078904497,73.49020019,76.2910240181,78.588877305,81.1232727615,83.4714506518,85.8696347277,88.4660040306,91.303861973,93.1467953827,96.2623602409,101.7685321721,106.1993613401,107.7776044435,116.6340453531,123.0456404696,121.5762340762,126.2759530165,133.1066484234,131.2914403652,142.849927026,138.3667896189,147.78321234
Total Africa,59.2014495334,61.951343357,63.112901441,67.0248406171,68.6890948179,73.8518595112,79.8330380515,85.3038715064,91.4300730332,96.0611675853,101.983829118,111.4767045429,117.1525891152,121.329995661,132.6542979961,144.8467347115,161.2320034876,172.9221784718,177.3043979682,183.4825979514,189.6186507957,195.0276835551,199.2911218259,215.054677502,215.8785729204,222.1019691967,221.6722733146,221.8865220011,224.9999781641,234.2283577981,244.7052628787,254.1184112591,260.0852431458,265.7426026898,269.753725743,274.0050212937,282.3411561475,291.9411168839,304.1261711362,322.7476360261,333.0978159278,337.6676142418,354.483942853,373.1452852038,371.8998009942,385.6846815916,383.9810188882,403.3061037108
Australia,34.6309212051,36.3305551999,38.6054674479,40.9108506465,42.4548387201,46.3775065802,48.6393630801,50.8561629038,54.5751609961,58.3121126949,59.4301653189,61.7155915874,64.8277089022,65.9704065709,68.5792937627,69.4419879253,70.7309612961,69.6674845442,68.8558256119,71.822049284,72.8226708664,76.2752164927,78.4644212894,82.1410712403,85.9905438164,87.5215666197,87.0666603878,88.2939839149,90.9595327558,94.5825490144,97.3975674677,100.1935426477,103.1074429707,104.9587768226,106.3556750436,107.1111361512,110.3623579979,113.4734374819,112.5936042372,115.2169117934,118.9703356223,125.0717387944,125.3670342385,125.1947692477,124.2717465114,123.2203462631,126.4793947303,125.6984583684
Bangladesh,0,0,0,0,0,0,0.0395981355,1.2845981355,1.6138970448,1.7469848396,1.9396559261,2.1947798796,2.2228822012,2.4194951803,2.7188234602,3.03691836,3.3334219125,3.4373418564,3.5057940897,4.1249687288,4.4662172693,4.815823777,5.351984206,5.9027356655,6.6051730552,6.674027153,6.7366185002,7.2491149477,7.7865752365,8.3556549758,9.8981743223,10.0482172693,10.6256917681,10.9817279269,10.9754871249,12.7452847674,14.1079196952,14.7844683353,15.7085143995,16.3564216232,17.4027757121,18.7078458082,19.2814355636,20.399848015,21.4185347603,23.1013628812,24.4306183337,26.3424097684
China,131.37,142.768,128.4,129.625,157.809,202.133,239.68,258.302,272.51,280.897,314.648,331.27,361.317,396.208,407.726,416.424,410.352,428.354,455.899,490.297,530.377,559.533,600.652,643.233,671.408,664.5659142427,691.611242728,721.4286271293,769.9823405433,817.1503216232,886.5228703327,915.8275688694,932.4347273964,918.2249779442,951.6580925992,980.2803090118,1013.3436081525,1073.7831155569,1245.2522280227,1466.7772830676,1601.1531865809,1764.6532131252,1878.7365347468,1969.8642627628,2101.5107320701,2337.9827017473,2540.7672644587,2735.1624027195
China Hong Kong SAR,2.243,2.429,2.869,3.101,3.641,3.915,4.124,4.692,4.862,4.976,4.676,5.526,5.979,6.206,6.346,6.495,6.917,7.593,8.044,8.231,8.556,8.954,9.838,11.324,12.106,11.773,12.194,14.347,15.663,14.128,15.19934,15.38606,15.67967,15.9762,16.22221,16.14465,19.44358,20.8425,21.23383,24.33795785,22.902638505,24.6564375886,26.1512770849,24.4646116688,26.9620107173,27.7407617716,28.568631159,28.0674446405
India,52.7296338028,54.3453380282,55.9960422535,59.807211268,66.287211268,64.8385555009,66.95622993,70.533332042,71.927532042,76.31603838,81.945317606,85.923546831,90.847023944,94.168421831,99.538126056,102.503905282,113.06184168,112.66035312,117.83422074,125.7580798,132.66304144,142.21926429,151.70541612,164.54093446,180.0663099,180.7268309705,190.734264826,201.1397666621,206.3764594144,217.4386383692,236.2310110973,251.805568032,261.0745019071,272.6406522541,280.8131337888,295.8360641576,297.4433143907,310.7574021424,320.8389132915,345.1029494964,366.7844114513,389.9774378172,420.115194872,446.5097975941,484.13691573,511.6017588484,534.81630983,563.4903255614
Indonesia,7.112,7.048,6.945,7.391,8.346,8.939,8.569,9.069,10.194,10.945,13.462,14.171,19.095,21.154,24.15,25.808,27.947,28.371,30.227,33.087,35.2,38.289,40.543,42.784,47.326,52.4398398627,56.7312540112,61.5761124356,64.3416928571,69.6378616133,75.5180748545,79.720655402,86.4826461683,85.5081736137,92.1265722607,99.1311428456,102.8283656375,107.4733834668,116.3903702452,115.4017865801,118.8052567625,121.5018042028,129.4429481,123.2954333893,133.561291002,148.7331102223,158.5792846928,159.3798973322
Japan,148.9595355931,165.3425046839,191.3276796398,214.3189996832,246.7702169073,279.9233184595,296.5481681676,309.2597889759,345.4859680952,344.7898889442,329.2934508757,342.3715000679,344.8312809884,353.3588303842,367.7858385301,355.5881298819,348.360401774,337.6691669005,342.8140534914,368.821634249,371.7039809024,372.0854613296,379.0354829615,402.5287046658,416.9478198398,434.1316381328,448.3106901632,453.9855745891,459.7335066817,477.4660456295,495.7585150896,505.1682801792,512.2773419566,505.4917146567,511.6637463274,518.219735805,516.305386116,513.3000788159,514.6085484264,526.7632932143,531.3715646742,530.0674430304,526.726482689,520.6672462562,477.9303437689,506.7220329808,481.0859433685,478.1829535262
Malaysia,2.147,2.547,2.597,2.647,2.78,3.17,3.537,4.026,4.553,4.705,5.285,5.739,6.557,7.175,8.536,9.473,10.102,10.929,12.755,14.589,16.35,17.813,17.813,18.967,21.812,24.158,26.9,27.1468096789,29.6303213766,33.1324651757,33.881178114,38.5928683451,38.5269054421,38.3920678943,39.3116581944,47.6229586986,49.6547655383,53.0748493076,55.7023578636,55.6804405632,61.3493361825,65.8761109895,69.6391483489,70.9635139991,70.6059771783,76.1122076796,74.8862113071,76.3147923857
New Zealand,6.9350187808,7.3665078065,7.426595918,7.5850262027,7.7212670046,8.6410481513,9.0262014753,9.6714277504,10.1002598995,10.0031547798,10.0663322773,10.4568486612,10.7506157204,10.5610324479,10.6504310139,10.7841767736,10.8147823743,11.1997238914,11.6890520655,12.4024892127,12.6272785177,14.0665653257,14.0436960112,14.7191249226,14.9910140778,15.8413367539,16.0732839962,16.2636836443,16.7223813596,17.3236515729,17.7238833884,17.8851063547,17.7424522429,17.7697432084,18.0072364044,18.7426382791,18.5640316753,19.3310087886,18.7071483068,19.4558649558,18.7796142834,19.0151932753,19.0269576578,19.1120587467,19.1245328098,19.7106493611,19.4870146418,19.6489138159
Pakistan,7.245,7.338,8.141,9.23,9.389,9.302,9.023,7.993,8.569,9.19,9.933,10.078,10.902,11.652,12.727,14.268,15.372,16.976,17.994,18.999,19.962,21.181,23.514,24.973,26.482,27.77,29.526,30.81,34.214,35.411,37.268,39.732,38.59,41.218,43.449,44.325,45.494,47.41,52.36,56.7961665,58.8883908478,61.7896341131,65.2305614144,64.8992085771,67.0208189972,67.9533912094,68.1424157593,69.2978274033
Philippines,4.363,4.752,5.409,6.056,6.498,7.551,8.726,8.507,10.034,9.507,10.242,10.614,11.4622262751,11.9966788252,12.4831236367,12.2646985564,12.0136186813,11.6754126352,12.4116502693,11.4473563832,11.0275548264,11.148728832,12.3552090329,13.5715085758,14.7382173598,15.1215388967,14.8583398199,17.0790437616,17.8093573336,18.9460852667,21.0351859138,22.6237455888,24.2755198506,24.955171639,25.0778867135,25.1919738099,25.0883940107,25.7848562334,26.5493510621,27.4124919813,27.6060152764,25.946284019,27.2575454754,27.0943191595,27.5235850371,27.8703094882,28.7852971111,30.2153328807
Singapore,3.833,4.477,5.613,7.011,6.881,7.527,6.625,8.255,7.715,7.608,7.412,8.717,8.692,8.905,9.592,9.509,10.926,10.658,11.249,11.901,12.041,14.174,14.745,17.086,19.514,23.3628913265,23.8599102941,25.7184102941,28.1032102941,32.1135102941,34.4291102941,34.8106102941,36.6089102941,36.9862102941,36.6938102941,37.7072602941,41.0244565923,41.5917491706,39.3603515924,44.2007182935,49.6132973631,53.0795051899,58.528022376,61.3367481861,64.7980833351,70.7714036955,73.9386305235,73.9613484179
South Korea,6.4,7.758,8.907,10.203,12.307,14.285,15.45,16.018,19.821,20.587,22.611,25.311,29.094,32.5,37.449,38.559,40.384,40.44,43.847,47.847,52.721,59.0622,65.4086,73.1352,79.57,90.0407,101.1091366525,113.5457553654,124.4566137897,134.3593203075,147.1101332701,162.0013252354,177.5259126602,163.7301693241,178.3783028326,189.4245108155,193.8705674779,202.9687207666,209.7739690619,213.8471694778,220.8447737647,222.8774936775,231.9027170699,236.4296037074,237.3930265383,254.6405217741,267.8219987163,271.1421840973
Taiwan,6.186,6.627,7.175,8.285,8.588,9.2850577505,11.650212534,12.4508661065,14.518810778,13.96516924,15.325975174,18.40189146,20.35456291,23.82899153,25.33064073,27.70658885,26.48008309,26.77387161,29.48986697,31.4646089895,34.9106742651,37.8998157668,40.9793302882,44.9187794621,47.4134453692,49.6610080816,52.7423565845,55.9390037744,59.4411769333,62.6820098395,66.1615720993,69.0908985372,73.1024421071,77.4747540475,81.1710285627,87.0696544474,90.4442319339,94.4996978583,98.8960262108,104.2004293507,106.4549979798,107.9826765341,112.8857112353,106.832747492,104.3758863577,110.5961832845,109.7846931112,109.4078013156
Thailand,2.593,3.072,3.533,4.478,4.733,5.651,6.31,7.704,8.162,8.466,9.06,9.579,10.559,11.571,12.156,12.265,12.394,12.629,13.788,15.481,16.24,17.4607298288,20.338719675,23.235180086,26.4455073453,30.680556481,34.6194262605,37.4938452863,42.3133988358,47.32509193,52.7806821849,59.1215234072,61.6619445357,58.1659245178,62.0403677305,63.6600731109,65.953691047,72.1099335751,77.0608601482,82.4210387035,86.5000616668,88.9211392501,92.6502515247,95.4677508694,99.3436155717,104.9601950565,111.1401912068,117.601600603
Vietnam,4.9636136732,6.886992101,8.7195732555,9.2203979435,10.5025060654,11.0148870545,10.5375273301,10.9725324221,11.7699508012,10.1520063566,10.2153778716,8.1315275772,8.1422479821,8.4847727398,8.6726578062,9.6625935514,9.4741411835,9.608742426,10.2068681986,10.1169800392,10.0709679042,10.1824554734,10.2404981011,10.4825789491,10.4619472069,11.0624715829,11.0496749769,10.7185890003,11.3430045214,11.6388505838,12.1999926845,12.87046092,14.0033338752,14.5290029651,14.6186292356,17.7259880527,19.9174611033,21.4462060913,22.4629702885,28.6854309582,29.7708583302,32.2680866847,34.886244078,36.7427158538,42.1170785041,43.7268380704,48.4164735423,52.0078572286
Other Asia Pacific,17.1828141195,18.5189593077,20.2337721742,21.8822611313,23.3796105054,24.9327763235,26.3242353153,27.5403411642,28.5673871,30.3135982327,30.8446857406,32.423826738,34.2510627862,36.3054202968,39.0389558609,42.5293744138,43.9024671014,45.4639905629,47.1092891232,47.7319149169,49.9912276092,50.5070168775,49.2397109679,50.1153149476,49.6174477604,48.7327483873,47.5693509654,43.218404719,41.9084298913,40.3904268125,40.0353270956,37.6402267996,36.9488341888,36.2486287626,38.4497316346,41.2121125865,42.1719527378,41.0647550334,42.9456076837,43.8807573733,46.4977380734,49.5850242598,48.0823246194,49.6762125833,50.3217353141,52.4789089039,56.0519136635,56.3100933808
Total Asia Pacific,438.8935371745,477.6068571272,501.8981306889,541.7517468752,618.0876504707,707.4861498205,771.765535968,817.1350495003,884.9789667568,902.4799534678,936.3899607903,982.6245128023,1039.8846117095,1102.4650498062,1153.4798908567,1166.3193735942,1172.565719093,1184.1060875466,1237.7196205595,1324.1220816032,1391.7306136007,1455.6672779935,1534.2680686531,1643.6581329748,1731.4954257307,1774.2640684913,1851.6922101664,1925.953725203,2020.7850018242,2132.081483008,2279.1506182089,2372.5186578817,2440.6682773641,2423.2518958712,2507.0125687469,2602.1504928332,2666.0180841065,2773.6961626242,2990.4446508405,3286.5371117826,3483.6952530764,3701.9770683598,3885.9103910948,3998.9508481082,4152.4159142035,4507.922683238,4753.1822861557,4992.2316434456
Total World,3755.0487182647,3973.1249919705,4122.7114491209,4369.4834606539,4658.4627892313,4948.6644244219,5142.9075580527,5418.6343660899,5722.4354052047,5747.3066011041,5774.3622373975,6089.9414163697,6306.9105911595,6501.3258752406,6718.7700324535,6633.7394603128,6585.9918335316,6560.8758103192,6648.5638942105,6970.1734079177,7171.6822183581,7335.3355095082,7584.877896943,7865.624589179,8031.362774137,8110.064776754,8151.1790979685,8196.0852772933,8251.7300364303,8356.7079471016,8573.9297098646,8813.8908897541,8909.9049826921,8957.8201883599,9105.1266191243,9339.1510648213,9418.8380235123,9597.8290036701,9933.8063941247,10409.9091734054,10707.7310779585,11005.6222885929,11287.4613973659,11438.7255385539,11309.823796763,11943.3686833694,12224.9728795915,12476.6276227532
of which: OECD,2625.0434613212,2769.127045395,2879.1699958814,3071.9093211673,3282.0700077913,3465.0462160066,3553.5723910404,3725.3732411468,3931.5723149052,3871.8520518219,3790.3834406892,3995.0816169242,4083.9905087432,4146.5475679741,4256.3642930933,4146.8475626393,4050.2230643882,3939.6426278356,3936.8826375459,4123.1079194798,4190.8338682049,4240.4422306295,4361.563171786,4508.5206432797,4598.2777817138,4631.9419400534,4673.7782260154,4725.6061648086,4796.8397575593,4886.0748200164,5007.334295818,5178.9469561427,5231.5346048708,5251.5261769103,5326.0162889011,5441.6110096107,5410.2626162009,5454.3864623995,5517.6598095168,5627.8915082701,5676.4282792109,5684.1624132603,5723.0797932828,5669.3835440192,5399.4929369842,5593.1184963127,5538.323989787,5488.8499083114
                 Non-OECD,1130.0052569435,1203.9979465755,1243.5414532395,1297.5741394866,1376.3927814401,1483.6182084154,1589.3351670123,1693.2611249431,1790.8630902995,1875.4545492821,1983.9787967083,2094.8597994455,2222.9200824163,2354.7783072665,2462.4057393602,2486.8918976735,2535.7687691434,2621.2331824836,2711.6812566646,2847.0654884379,2980.8483501532,3094.8932788787,3223.314725157,3357.1039458993,3433.0849924233,3478.1228367006,3477.4008719531,3470.4791124846,3454.8902788711,3470.6331270852,3566.5954140466,3634.9439336114,3678.3703778213,3706.2940114496,3779.1103302233,3897.5400552105,4008.5754073115,4143.4425412707,4416.1465846079,4782.0176651353,5031.3027987476,5321.4598753326,5564.3816040832,5769.3419945348,5910.3308597789,6350.2501870567,6686.6488898045,6987.7777144418
                 European Union ,,,,,,,,,,,,,,,,,,,,,,,,,,,,,,,,,,,,,,,,,,,,,,,,
                 Former Soviet Union,620.8299973687,660.6976927034,691.9412817908,713.9787444231,734.0099087298,769.508902642,807.6929555856,855.1609550229,893.8572943954,940.1740006449,988.1302074674,1033.7560964568,1078.5243733173,1126.9801987691,1155.1407026333,1141.2626298837,1157.1697641442,1187.5187924694,1207.7034917817,1251.0384869884,1310.8076567835,1333.8076699997,1372.5852372949,1396.6050052474,1389.4424616604,1413.7387703712,1367.6205675651,1281.7601442663,1164.212690819,1053.9924369165,989.0155773343,947.9520795844,910.076847132,903.2759826827,906.9666913691,921.2722224908,937.5036261631,937.7143540885,959.7854469286,970.3851367041,969.8242414352,1004.9030357572,1015.6120073036,1019.6315682129,948.3347544452,988.4989767369,1030.3245993945,1029.2987897903